HITId,HITTypeId,Title,Description,Keywords,Reward,CreationTime,MaxAssignments,RequesterAnnotation,AssignmentDurationInSeconds,AutoApprovalDelayInSeconds,Expiration,NumberOfSimilarHITs,LifetimeInSeconds,AssignmentId,WorkerId,AssignmentStatus,AcceptTime,SubmitTime,AutoApprovalTime,ApprovalTime,RejectionTime,RequesterFeedback,WorkTimeInSeconds,LifetimeApprovalRate,Last30DaysApprovalRate,Last7DaysApprovalRate,Input.sentence,Answer.WritingTexts,Approve,Reject
3PEG1BH7AEKND3V5M3M2TWUKPY9BKR,3D4BPCICWLV2H7ZTCOLFOJ7QDLA8V0,Correction of English learners errors,You are given a sentence written by a person who learns english and you should correct it,"writing, correction, grammatical, errors, learner language, fix, correct, check",$0.10,Wed Nov 30 04:45:23 PST 2016,51,BatchId:2612793;,3600,604800,Thu Dec 08 21:07:44 PST 2016,,,308XBLVESJXCNR5U2Q00ISBF7O1RBL,A255Z4U24Y2SP8,Approved,Sat Dec 03 17:26:16 PST 2016,Sat Dec 03 17:26:31 PST 2016,Sat Dec 10 17:26:31 PST 2016,Sun Dec 04 09:33:30 PST 2016,,,15,100% (2/2),100% (2/2),100% (2/2),"However , there are both sides of stories .","However, there are two sides to a story.",,
3PEG1BH7AEKND3V5M3M2TWUKPY9BKR,3D4BPCICWLV2H7ZTCOLFOJ7QDLA8V0,Correction of English learners errors,You are given a sentence written by a person who learns english and you should correct it,"writing, correction, grammatical, errors, learner language, fix, correct, check",$0.10,Wed Nov 30 04:45:23 PST 2016,51,BatchId:2612793;,3600,604800,Thu Dec 08 21:07:44 PST 2016,,,30LB5CDZND3K5VOBERXOKEHVPECZ0F,A3UVA238PLG12K,Approved,Wed Dec 07 08:29:54 PST 2016,Wed Dec 07 08:31:10 PST 2016,Wed Dec 14 08:31:10 PST 2016,Thu Dec 08 02:42:06 PST 2016,,,76,100% (1/1),100% (1/1),100% (1/1),"However , there are both sides of stories .","However , there is more than one side to each story.",,
3PEG1BH7AEKND3V5M3M2TWUKPY9BKR,3D4BPCICWLV2H7ZTCOLFOJ7QDLA8V0,Correction of English learners errors,You are given a sentence written by a person who learns english and you should correct it,"writing, correction, grammatical, errors, learner language, fix, correct, check",$0.10,Wed Nov 30 04:45:23 PST 2016,51,BatchId:2612793;,3600,604800,Thu Dec 08 21:07:44 PST 2016,,,31HQ4X3T3T301FRJ8SPZM5CG5JCLS2,A2SAWJZQM8GTF6,Approved,Sat Dec 03 04:47:04 PST 2016,Sat Dec 03 04:47:41 PST 2016,Sat Dec 10 04:47:41 PST 2016,Sat Dec 03 05:22:47 PST 2016,,,37,100% (2/2),100% (2/2),0% (0/0),"However , there are both sides of stories .","However, there are two sides to every story.",,
3PEG1BH7AEKND3V5M3M2TWUKPY9BKR,3D4BPCICWLV2H7ZTCOLFOJ7QDLA8V0,Correction of English learners errors,You are given a sentence written by a person who learns english and you should correct it,"writing, correction, grammatical, errors, learner language, fix, correct, check",$0.10,Wed Nov 30 04:45:23 PST 2016,51,BatchId:2612793;,3600,604800,Thu Dec 08 21:07:44 PST 2016,,,33CKWXB73KDNHOOL2ZSW6PGTHIW114,A2DBMTN294Y1A8,Approved,Sun Dec 04 20:55:39 PST 2016,Sun Dec 04 20:57:02 PST 2016,Sun Dec 11 20:57:02 PST 2016,Tue Dec 06 10:58:44 PST 2016,,,83,100% (6/6),100% (6/6),100% (2/2),"However , there are both sides of stories .","However, they are both sides of the story.",,
3PEG1BH7AEKND3V5M3M2TWUKPY9BKR,3D4BPCICWLV2H7ZTCOLFOJ7QDLA8V0,Correction of English learners errors,You are given a sentence written by a person who learns english and you should correct it,"writing, correction, grammatical, errors, learner language, fix, correct, check",$0.10,Wed Nov 30 04:45:23 PST 2016,51,BatchId:2612793;,3600,604800,Thu Dec 08 21:07:44 PST 2016,,,33LK57MYLUYK648NNTG8UKNEK6USZU,AQ2HBVDME5DJK,Approved,Wed Dec 07 08:18:33 PST 2016,Wed Dec 07 08:18:50 PST 2016,Wed Dec 14 08:18:50 PST 2016,Thu Dec 08 02:42:06 PST 2016,,,17,100% (2/2),100% (2/2),100% (2/2),"However , there are both sides of stories .","However, there are two sides to every story.",,
3PEG1BH7AEKND3V5M3M2TWUKPY9BKR,3D4BPCICWLV2H7ZTCOLFOJ7QDLA8V0,Correction of English learners errors,You are given a sentence written by a person who learns english and you should correct it,"writing, correction, grammatical, errors, learner language, fix, correct, check",$0.10,Wed Nov 30 04:45:23 PST 2016,51,BatchId:2612793;,3600,604800,Thu Dec 08 21:07:44 PST 2016,,,33NF62TLXKVWI6QB0Y4KF48EK2ZJKQ,A1H7XQCN2TQJM7,Approved,Sat Dec 03 20:16:12 PST 2016,Sat Dec 03 20:16:58 PST 2016,Sat Dec 10 20:16:58 PST 2016,Sun Dec 04 09:33:30 PST 2016,,,46,100% (13/13),100% (13/13),100% (2/2),"However , there are both sides of stories .","However, there are two sides to the story.",,
3PEG1BH7AEKND3V5M3M2TWUKPY9BKR,3D4BPCICWLV2H7ZTCOLFOJ7QDLA8V0,Correction of English learners errors,You are given a sentence written by a person who learns english and you should correct it,"writing, correction, grammatical, errors, learner language, fix, correct, check",$0.10,Wed Nov 30 04:45:23 PST 2016,51,BatchId:2612793;,3600,604800,Thu Dec 08 21:07:44 PST 2016,,,37TD41K0AI27YBXDVFW0JMMTA2GSCU,A3US3R22I0W1QE,Approved,Thu Dec 01 13:32:52 PST 2016,Thu Dec 01 13:34:00 PST 2016,Thu Dec 08 13:34:00 PST 2016,Thu Dec 01 21:09:18 PST 2016,,,68,100% (11/11),100% (11/11),0% (0/0),"However , there are both sides of stories .","However, there are two sides of every story.",,
3PEG1BH7AEKND3V5M3M2TWUKPY9BKR,3D4BPCICWLV2H7ZTCOLFOJ7QDLA8V0,Correction of English learners errors,You are given a sentence written by a person who learns english and you should correct it,"writing, correction, grammatical, errors, learner language, fix, correct, check",$0.10,Wed Nov 30 04:45:23 PST 2016,51,BatchId:2612793;,3600,604800,Thu Dec 08 21:07:44 PST 2016,,,38JBBYETQP33TOFG156DB76QIGFE4S,A1QDAKDT8B8S3Z,Approved,Tue Dec 06 08:21:33 PST 2016,Tue Dec 06 08:22:01 PST 2016,Tue Dec 13 08:22:01 PST 2016,Tue Dec 06 10:58:43 PST 2016,,,28,100% (2/2),100% (2/2),100% (2/2),"However , there are both sides of stories .","However , there are two sides of the story.",,
3PEG1BH7AEKND3V5M3M2TWUKPY9BKR,3D4BPCICWLV2H7ZTCOLFOJ7QDLA8V0,Correction of English learners errors,You are given a sentence written by a person who learns english and you should correct it,"writing, correction, grammatical, errors, learner language, fix, correct, check",$0.10,Wed Nov 30 04:45:23 PST 2016,51,BatchId:2612793;,3600,604800,Thu Dec 08 21:07:44 PST 2016,,,392CY0QWG2KF9TH2XOW4WM4I9MNI4V,A1VG8WTPJFZJAI,Approved,Wed Nov 30 06:14:32 PST 2016,Wed Nov 30 06:15:01 PST 2016,Wed Dec 07 06:15:01 PST 2016,Wed Nov 30 21:00:20 PST 2016,,,29,100% (2/2),100% (2/2),0% (0/0),"However , there are both sides of stories .","However, there are two sides to the story.",,
3PEG1BH7AEKND3V5M3M2TWUKPY9BKR,3D4BPCICWLV2H7ZTCOLFOJ7QDLA8V0,Correction of English learners errors,You are given a sentence written by a person who learns english and you should correct it,"writing, correction, grammatical, errors, learner language, fix, correct, check",$0.10,Wed Nov 30 04:45:23 PST 2016,51,BatchId:2612793;,3600,604800,Thu Dec 08 21:07:44 PST 2016,,,39PAAFCODNT4CKGSBWWVJJ64YJAVT4,A2JUG54Q160M9,Approved,Thu Dec 08 12:53:57 PST 2016,Thu Dec 08 12:54:23 PST 2016,Thu Dec 15 12:54:23 PST 2016,Sat Dec 10 00:39:13 PST 2016,,,26,100% (2/2),100% (2/2),100% (2/2),"However , there are both sides of stories .","Howeve , there are two sides of the story .",,
3PEG1BH7AEKND3V5M3M2TWUKPY9BKR,3D4BPCICWLV2H7ZTCOLFOJ7QDLA8V0,Correction of English learners errors,You are given a sentence written by a person who learns english and you should correct it,"writing, correction, grammatical, errors, learner language, fix, correct, check",$0.10,Wed Nov 30 04:45:23 PST 2016,51,BatchId:2612793;,3600,604800,Thu Dec 08 21:07:44 PST 2016,,,3B1NLC6UG0PN2VXQ5KOPE82XM1CPGF,A2QPJN3LPGTPDU,Approved,Thu Dec 08 08:54:19 PST 2016,Thu Dec 08 08:54:39 PST 2016,Thu Dec 15 08:54:39 PST 2016,Sat Dec 10 00:39:13 PST 2016,,,20,100% (12/12),100% (12/12),100% (2/2),"However , there are both sides of stories .","However , there are two sides to the story .",,
3PEG1BH7AEKND3V5M3M2TWUKPY9BKR,3D4BPCICWLV2H7ZTCOLFOJ7QDLA8V0,Correction of English learners errors,You are given a sentence written by a person who learns english and you should correct it,"writing, correction, grammatical, errors, learner language, fix, correct, check",$0.10,Wed Nov 30 04:45:23 PST 2016,51,BatchId:2612793;,3600,604800,Thu Dec 08 21:07:44 PST 2016,,,3BWI6RSP7H20CBXZ334KEJQ08V37ES,ARPBS72HUCKD4,Approved,Wed Nov 30 05:17:24 PST 2016,Wed Nov 30 05:18:16 PST 2016,Wed Dec 07 05:18:16 PST 2016,Wed Nov 30 06:15:12 PST 2016,,,52,100% (12/12),100% (12/12),0% (0/0),"However , there are both sides of stories .","However, there are two sides of every story.",,
3PEG1BH7AEKND3V5M3M2TWUKPY9BKR,3D4BPCICWLV2H7ZTCOLFOJ7QDLA8V0,Correction of English learners errors,You are given a sentence written by a person who learns english and you should correct it,"writing, correction, grammatical, errors, learner language, fix, correct, check",$0.10,Wed Nov 30 04:45:23 PST 2016,51,BatchId:2612793;,3600,604800,Thu Dec 08 21:07:44 PST 2016,,,3C44YUNSI2IKQBNZ3UNH8NZ09RODPL,AU7RK2T2CMUBV,Approved,Sat Dec 03 17:21:27 PST 2016,Sat Dec 03 17:21:50 PST 2016,Sat Dec 10 17:21:50 PST 2016,Sun Dec 04 09:33:30 PST 2016,,,23,100% (2/2),100% (2/2),100% (2/2),"However , there are both sides of stories .","However, there are two sides of the story.",,
3PEG1BH7AEKND3V5M3M2TWUKPY9BKR,3D4BPCICWLV2H7ZTCOLFOJ7QDLA8V0,Correction of English learners errors,You are given a sentence written by a person who learns english and you should correct it,"writing, correction, grammatical, errors, learner language, fix, correct, check",$0.10,Wed Nov 30 04:45:23 PST 2016,51,BatchId:2612793;,3600,604800,Thu Dec 08 21:07:44 PST 2016,,,3C5W7UE9CGJS3EV32EW1LQ8XKJKXM0,A2A1JQRIOBJVBH,Approved,Wed Dec 07 16:41:43 PST 2016,Wed Dec 07 16:42:38 PST 2016,Wed Dec 14 16:42:38 PST 2016,Thu Dec 08 02:42:06 PST 2016,,,55,100% (1/1),100% (1/1),100% (1/1),"However , there are both sides of stories .","However, there are two sides to every story.",,
3PEG1BH7AEKND3V5M3M2TWUKPY9BKR,3D4BPCICWLV2H7ZTCOLFOJ7QDLA8V0,Correction of English learners errors,You are given a sentence written by a person who learns english and you should correct it,"writing, correction, grammatical, errors, learner language, fix, correct, check",$0.10,Wed Nov 30 04:45:23 PST 2016,51,BatchId:2612793;,3600,604800,Thu Dec 08 21:07:44 PST 2016,,,3CFVK00FWMEVEHTM1FMWL0GOMKLL61,A16YVNUJMK1RNE,Approved,Wed Nov 30 22:45:04 PST 2016,Wed Nov 30 22:45:56 PST 2016,Wed Dec 07 22:45:56 PST 2016,Thu Dec 01 10:26:16 PST 2016,,,52,100% (10/10),100% (10/10),0% (0/0),"However , there are both sides of stories .","However, there are two sides of every story.",,
3PEG1BH7AEKND3V5M3M2TWUKPY9BKR,3D4BPCICWLV2H7ZTCOLFOJ7QDLA8V0,Correction of English learners errors,You are given a sentence written by a person who learns english and you should correct it,"writing, correction, grammatical, errors, learner language, fix, correct, check",$0.10,Wed Nov 30 04:45:23 PST 2016,51,BatchId:2612793;,3600,604800,Thu Dec 08 21:07:44 PST 2016,,,3DPNQGW4LM8ZG9M1VNNFZJED12746H,A33U26Y8QR8ITH,Approved,Thu Dec 01 22:27:26 PST 2016,Thu Dec 01 22:29:08 PST 2016,Thu Dec 08 22:29:08 PST 2016,Fri Dec 02 22:06:32 PST 2016,,,102,100% (2/2),100% (2/2),0% (0/0),"However , there are both sides of stories .","However, there are two sides to stories.",,
3PEG1BH7AEKND3V5M3M2TWUKPY9BKR,3D4BPCICWLV2H7ZTCOLFOJ7QDLA8V0,Correction of English learners errors,You are given a sentence written by a person who learns english and you should correct it,"writing, correction, grammatical, errors, learner language, fix, correct, check",$0.10,Wed Nov 30 04:45:23 PST 2016,51,BatchId:2612793;,3600,604800,Thu Dec 08 21:07:44 PST 2016,,,3EFVCAY5L42CN5OAR97HPZZNOS9J8Q,A3F2NKZRK2CIF5,Approved,Thu Dec 01 12:09:37 PST 2016,Thu Dec 01 12:10:00 PST 2016,Thu Dec 08 12:10:00 PST 2016,Thu Dec 01 21:09:18 PST 2016,,,23,100% (2/2),100% (2/2),100% (1/1),"However , there are both sides of stories .","However , there are two sides to every story .",,
3PEG1BH7AEKND3V5M3M2TWUKPY9BKR,3D4BPCICWLV2H7ZTCOLFOJ7QDLA8V0,Correction of English learners errors,You are given a sentence written by a person who learns english and you should correct it,"writing, correction, grammatical, errors, learner language, fix, correct, check",$0.10,Wed Nov 30 04:45:23 PST 2016,51,BatchId:2612793;,3600,604800,Thu Dec 08 21:07:44 PST 2016,,,3EO896NRAXOVLPGYU7ICGVVA3PCJT2,A3G1X3IP2VM4IK,Approved,Tue Dec 06 15:44:53 PST 2016,Tue Dec 06 15:45:15 PST 2016,Tue Dec 13 15:45:15 PST 2016,Tue Dec 06 22:45:03 PST 2016,,,22,100% (2/2),100% (2/2),100% (2/2),"However , there are both sides of stories .","However, there are both sides to the story.",,
3PEG1BH7AEKND3V5M3M2TWUKPY9BKR,3D4BPCICWLV2H7ZTCOLFOJ7QDLA8V0,Correction of English learners errors,You are given a sentence written by a person who learns english and you should correct it,"writing, correction, grammatical, errors, learner language, fix, correct, check",$0.10,Wed Nov 30 04:45:23 PST 2016,51,BatchId:2612793;,3600,604800,Thu Dec 08 21:07:44 PST 2016,,,3FTYUGLFSVEGX15GJFE3AHUJIW65DK,AMJ3Y0GICJ60A,Approved,Mon Dec 05 06:08:15 PST 2016,Mon Dec 05 06:09:46 PST 2016,Mon Dec 12 06:09:46 PST 2016,Tue Dec 06 10:58:44 PST 2016,,,91,100% (1/1),100% (1/1),100% (1/1),"However , there are both sides of stories .","However, there are two sides to every story.",,
3PEG1BH7AEKND3V5M3M2TWUKPY9BKR,3D4BPCICWLV2H7ZTCOLFOJ7QDLA8V0,Correction of English learners errors,You are given a sentence written by a person who learns english and you should correct it,"writing, correction, grammatical, errors, learner language, fix, correct, check",$0.10,Wed Nov 30 04:45:23 PST 2016,51,BatchId:2612793;,3600,604800,Thu Dec 08 21:07:44 PST 2016,,,3GD6L00D3TQKDDAAVLBUQH4WF2H1MK,A23KNYW5XJ9FKD,Approved,Wed Dec 07 05:16:53 PST 2016,Wed Dec 07 05:17:12 PST 2016,Wed Dec 14 05:17:12 PST 2016,Thu Dec 08 02:42:06 PST 2016,,,19,100% (2/2),100% (2/2),100% (2/2),"However , there are both sides of stories .","However, there are two sides to every story .",,
3PEG1BH7AEKND3V5M3M2TWUKPY9BKR,3D4BPCICWLV2H7ZTCOLFOJ7QDLA8V0,Correction of English learners errors,You are given a sentence written by a person who learns english and you should correct it,"writing, correction, grammatical, errors, learner language, fix, correct, check",$0.10,Wed Nov 30 04:45:23 PST 2016,51,BatchId:2612793;,3600,604800,Thu Dec 08 21:07:44 PST 2016,,,3GDTJDAPVV42ODUVU6K95RR4SH1M8K,A9WGDBDXUNLOD,Approved,Wed Nov 30 05:46:00 PST 2016,Wed Nov 30 05:46:15 PST 2016,Wed Dec 07 05:46:15 PST 2016,Wed Nov 30 06:15:12 PST 2016,,,15,100% (2/2),100% (2/2),0% (0/0),"However , there are both sides of stories .","However , there are two sides to every story.",,
3PEG1BH7AEKND3V5M3M2TWUKPY9BKR,3D4BPCICWLV2H7ZTCOLFOJ7QDLA8V0,Correction of English learners errors,You are given a sentence written by a person who learns english and you should correct it,"writing, correction, grammatical, errors, learner language, fix, correct, check",$0.10,Wed Nov 30 04:45:23 PST 2016,51,BatchId:2612793;,3600,604800,Thu Dec 08 21:07:44 PST 2016,,,3HMVI3QICKLK7UZOEOZ5KCR3OYC1YZ,A38DTCGCPNH77Q,Approved,Sat Dec 03 07:18:19 PST 2016,Sat Dec 03 07:18:28 PST 2016,Sat Dec 10 07:18:28 PST 2016,Sat Dec 03 08:06:51 PST 2016,,,9,100% (1/1),100% (1/1),0% (0/0),"However , there are both sides of stories .","However, there are two sides to every story.",,
3PEG1BH7AEKND3V5M3M2TWUKPY9BKR,3D4BPCICWLV2H7ZTCOLFOJ7QDLA8V0,Correction of English learners errors,You are given a sentence written by a person who learns english and you should correct it,"writing, correction, grammatical, errors, learner language, fix, correct, check",$0.10,Wed Nov 30 04:45:23 PST 2016,51,BatchId:2612793;,3600,604800,Thu Dec 08 21:07:44 PST 2016,,,3HRMW88U17JK6OPSZ27UCCLMA1E0M1,AW7X14JK81H61,Approved,Sun Dec 04 19:54:54 PST 2016,Sun Dec 04 19:55:13 PST 2016,Sun Dec 11 19:55:13 PST 2016,Tue Dec 06 10:58:43 PST 2016,,,19,100% (1/1),100% (1/1),100% (1/1),"However , there are both sides of stories .","However, there are two sides to the story.",,
3PEG1BH7AEKND3V5M3M2TWUKPY9BKR,3D4BPCICWLV2H7ZTCOLFOJ7QDLA8V0,Correction of English learners errors,You are given a sentence written by a person who learns english and you should correct it,"writing, correction, grammatical, errors, learner language, fix, correct, check",$0.10,Wed Nov 30 04:45:23 PST 2016,51,BatchId:2612793;,3600,604800,Thu Dec 08 21:07:44 PST 2016,,,3IFS6Q0HJJCYBEJDNPSMUPKOOAHSIK,A1KZG2L1EHAZOV,Approved,Fri Dec 02 03:23:23 PST 2016,Fri Dec 02 03:23:54 PST 2016,Fri Dec 09 03:23:54 PST 2016,Fri Dec 02 22:06:32 PST 2016,,,31,100% (5/5),100% (5/5),0% (0/0),"However , there are both sides of stories .",There are two side to every story.,,
3PEG1BH7AEKND3V5M3M2TWUKPY9BKR,3D4BPCICWLV2H7ZTCOLFOJ7QDLA8V0,Correction of English learners errors,You are given a sentence written by a person who learns english and you should correct it,"writing, correction, grammatical, errors, learner language, fix, correct, check",$0.10,Wed Nov 30 04:45:23 PST 2016,51,BatchId:2612793;,3600,604800,Thu Dec 08 21:07:44 PST 2016,,,3L6L49WXW1Q3X5MNQ4DA7D0D40D453,A38TZK07ON180S,Approved,Wed Nov 30 04:51:25 PST 2016,Wed Nov 30 04:53:03 PST 2016,Wed Dec 07 04:53:03 PST 2016,Wed Nov 30 06:15:12 PST 2016,,,98,100% (2/2),100% (2/2),0% (0/0),"However , there are both sides of stories .","However, there are two sides to every story.",,
3PEG1BH7AEKND3V5M3M2TWUKPY9BKR,3D4BPCICWLV2H7ZTCOLFOJ7QDLA8V0,Correction of English learners errors,You are given a sentence written by a person who learns english and you should correct it,"writing, correction, grammatical, errors, learner language, fix, correct, check",$0.10,Wed Nov 30 04:45:23 PST 2016,51,BatchId:2612793;,3600,604800,Thu Dec 08 21:07:44 PST 2016,,,3LWJHTCVCDF2O72AUDXWWSSVQ47QFP,A3EEWSPD9OA2U0,Approved,Sun Dec 04 21:05:47 PST 2016,Sun Dec 04 21:06:59 PST 2016,Sun Dec 11 21:06:59 PST 2016,Tue Dec 06 10:58:44 PST 2016,,,72,100% (3/3),100% (3/3),100% (2/2),"However , there are both sides of stories .","However , there are two sides to stories .",,
3PEG1BH7AEKND3V5M3M2TWUKPY9BKR,3D4BPCICWLV2H7ZTCOLFOJ7QDLA8V0,Correction of English learners errors,You are given a sentence written by a person who learns english and you should correct it,"writing, correction, grammatical, errors, learner language, fix, correct, check",$0.10,Wed Nov 30 04:45:23 PST 2016,51,BatchId:2612793;,3600,604800,Thu Dec 08 21:07:44 PST 2016,,,3M0NZ3JDP2RJ02ACBX3019DM6RA5Z3,A39CQ0EIJ3KRX8,Approved,Thu Dec 08 09:24:43 PST 2016,Thu Dec 08 09:25:09 PST 2016,Thu Dec 15 09:25:09 PST 2016,Sat Dec 10 00:39:13 PST 2016,,,26,100% (1/1),100% (1/1),100% (1/1),"However , there are both sides of stories .","However, there are two sides to every story.",,
3PEG1BH7AEKND3V5M3M2TWUKPY9BKR,3D4BPCICWLV2H7ZTCOLFOJ7QDLA8V0,Correction of English learners errors,You are given a sentence written by a person who learns english and you should correct it,"writing, correction, grammatical, errors, learner language, fix, correct, check",$0.10,Wed Nov 30 04:45:23 PST 2016,51,BatchId:2612793;,3600,604800,Thu Dec 08 21:07:44 PST 2016,,,3PJ71Z61R5V56TRG6C7PLVYCEFH91N,A2FSQBC1OU8WN8,Approved,Wed Nov 30 21:25:36 PST 2016,Wed Nov 30 21:26:07 PST 2016,Wed Dec 07 21:26:07 PST 2016,Thu Dec 01 10:26:16 PST 2016,,,31,100% (2/2),100% (2/2),0% (0/0),"However , there are both sides of stories .","However , there are two sides to every story. .",,
3PEG1BH7AEKND3V5M3M2TWUKPY9BKR,3D4BPCICWLV2H7ZTCOLFOJ7QDLA8V0,Correction of English learners errors,You are given a sentence written by a person who learns english and you should correct it,"writing, correction, grammatical, errors, learner language, fix, correct, check",$0.10,Wed Nov 30 04:45:23 PST 2016,51,BatchId:2612793;,3600,604800,Thu Dec 08 21:07:44 PST 2016,,,3PMBY0YE28WPTW1EM9W92RH3JSL9CN,A2N962G55T9MOB,Approved,Mon Dec 05 07:17:02 PST 2016,Mon Dec 05 07:17:26 PST 2016,Mon Dec 12 07:17:26 PST 2016,Tue Dec 06 10:58:43 PST 2016,,,24,100% (4/4),100% (4/4),100% (2/2),"However , there are both sides of stories .","However, there are both sides to a story.",,
3PEG1BH7AEKND3V5M3M2TWUKPY9BKR,3D4BPCICWLV2H7ZTCOLFOJ7QDLA8V0,Correction of English learners errors,You are given a sentence written by a person who learns english and you should correct it,"writing, correction, grammatical, errors, learner language, fix, correct, check",$0.10,Wed Nov 30 04:45:23 PST 2016,51,BatchId:2612793;,3600,604800,Thu Dec 08 21:07:44 PST 2016,,,3PW9OPU9PRDU696HL3SAB8QY93V211,A1WGLLX2XPUCYX,Approved,Thu Dec 08 17:47:40 PST 2016,Thu Dec 08 17:47:57 PST 2016,Thu Dec 15 17:47:57 PST 2016,Sat Dec 10 00:39:13 PST 2016,,,17,100% (2/2),100% (2/2),100% (2/2),"However , there are both sides of stories .","However, there are two sides to stories.",,
3PEG1BH7AEKND3V5M3M2TWUKPY9BKR,3D4BPCICWLV2H7ZTCOLFOJ7QDLA8V0,Correction of English learners errors,You are given a sentence written by a person who learns english and you should correct it,"writing, correction, grammatical, errors, learner language, fix, correct, check",$0.10,Wed Nov 30 04:45:23 PST 2016,51,BatchId:2612793;,3600,604800,Thu Dec 08 21:07:44 PST 2016,,,3QJOXOW4XKKJXE4M7969X1NQ3KWMEG,A3T71W88062DB7,Approved,Wed Nov 30 04:49:07 PST 2016,Wed Nov 30 04:49:52 PST 2016,Wed Dec 07 04:49:52 PST 2016,Wed Nov 30 06:15:12 PST 2016,,,45,100% (2/2),100% (2/2),0% (0/0),"However , there are both sides of stories .","However , there are two sides of the story .",,
3PEG1BH7AEKND3V5M3M2TWUKPY9BKR,3D4BPCICWLV2H7ZTCOLFOJ7QDLA8V0,Correction of English learners errors,You are given a sentence written by a person who learns english and you should correct it,"writing, correction, grammatical, errors, learner language, fix, correct, check",$0.10,Wed Nov 30 04:45:23 PST 2016,51,BatchId:2612793;,3600,604800,Thu Dec 08 21:07:44 PST 2016,,,3QRYMNZ7FZAR4F7J95A492CRBK8TNS,AX5P49R4EWO3L,Approved,Wed Nov 30 08:25:57 PST 2016,Wed Nov 30 08:26:21 PST 2016,Wed Dec 07 08:26:21 PST 2016,Wed Nov 30 21:00:19 PST 2016,,,24,100% (2/2),100% (2/2),0% (0/0),"However , there are both sides of stories .","However, there are two sides to each story.",,
3PEG1BH7AEKND3V5M3M2TWUKPY9BKR,3D4BPCICWLV2H7ZTCOLFOJ7QDLA8V0,Correction of English learners errors,You are given a sentence written by a person who learns english and you should correct it,"writing, correction, grammatical, errors, learner language, fix, correct, check",$0.10,Wed Nov 30 04:45:23 PST 2016,51,BatchId:2612793;,3600,604800,Thu Dec 08 21:07:44 PST 2016,,,3QY7M81QH8F3YBP9ZPFNCE35TYB7K1,A1G368TFFP2UZR,Rejected,Thu Dec 01 17:01:27 PST 2016,Thu Dec 01 17:01:59 PST 2016,Thu Dec 08 17:01:59 PST 2016,,Thu Dec 01 21:07:43 PST 2016,"submitted 2 answers both empty, just pressed the submit button without doing the task and correcting the sentence.",32,0% (0/2),0% (0/2),0% (0/0),"However , there are both sides of stories .","However, there are both sides of stories .",,
3PEG1BH7AEKND3V5M3M2TWUKPY9BKR,3D4BPCICWLV2H7ZTCOLFOJ7QDLA8V0,Correction of English learners errors,You are given a sentence written by a person who learns english and you should correct it,"writing, correction, grammatical, errors, learner language, fix, correct, check",$0.10,Wed Nov 30 04:45:23 PST 2016,51,BatchId:2612793;,3600,604800,Thu Dec 08 21:07:44 PST 2016,,,3SKEMFQBZ4Y7YPUS9U7TQEZ03GV8KY,A21JFQP5MAYQO2,Approved,Thu Dec 01 05:34:38 PST 2016,Thu Dec 01 05:35:05 PST 2016,Thu Dec 08 05:35:05 PST 2016,Thu Dec 01 10:26:16 PST 2016,,,27,100% (2/2),100% (2/2),0% (0/0),"However , there are both sides of stories .","However, there are two sides to the story.",,
3PEG1BH7AEKND3V5M3M2TWUKPY9BKR,3D4BPCICWLV2H7ZTCOLFOJ7QDLA8V0,Correction of English learners errors,You are given a sentence written by a person who learns english and you should correct it,"writing, correction, grammatical, errors, learner language, fix, correct, check",$0.10,Wed Nov 30 04:45:23 PST 2016,51,BatchId:2612793;,3600,604800,Thu Dec 08 21:07:44 PST 2016,,,3SUWZRL0MZ6H8BJUKTZS85Q4E2JE61,A31681CCEVDIH3,Approved,Sun Dec 04 21:34:11 PST 2016,Sun Dec 04 21:35:52 PST 2016,Sun Dec 11 21:35:52 PST 2016,Tue Dec 06 10:58:44 PST 2016,,,101,100% (2/2),100% (2/2),100% (2/2),"However , there are both sides of stories .","However, there are both sides to the story.",,
3PEG1BH7AEKND3V5M3M2TWUKPY9BKR,3D4BPCICWLV2H7ZTCOLFOJ7QDLA8V0,Correction of English learners errors,You are given a sentence written by a person who learns english and you should correct it,"writing, correction, grammatical, errors, learner language, fix, correct, check",$0.10,Wed Nov 30 04:45:23 PST 2016,51,BatchId:2612793;,3600,604800,Thu Dec 08 21:07:44 PST 2016,,,3T3IWE1XG7GC7CKBPX2LDW7WHCZQTF,A2HL2THWOYKV97,Approved,Sun Dec 04 18:37:20 PST 2016,Sun Dec 04 18:37:57 PST 2016,Sun Dec 11 18:37:57 PST 2016,Tue Dec 06 10:58:43 PST 2016,,,37,100% (1/1),100% (1/1),100% (1/1),"However , there are both sides of stories .","However, there are two sides to a story.",,
3PEG1BH7AEKND3V5M3M2TWUKPY9BKR,3D4BPCICWLV2H7ZTCOLFOJ7QDLA8V0,Correction of English learners errors,You are given a sentence written by a person who learns english and you should correct it,"writing, correction, grammatical, errors, learner language, fix, correct, check",$0.10,Wed Nov 30 04:45:23 PST 2016,51,BatchId:2612793;,3600,604800,Thu Dec 08 21:07:44 PST 2016,,,3U0SRXB7CEYEO0UR5G599NB9ORCRNZ,A31BR7AGAQVVQE,Approved,Wed Dec 07 13:25:26 PST 2016,Wed Dec 07 13:25:38 PST 2016,Wed Dec 14 13:25:38 PST 2016,Thu Dec 08 02:42:06 PST 2016,,,12,100% (2/2),100% (2/2),100% (2/2),"However , there are both sides of stories .","However, there are two sides to every story.",,
3PEG1BH7AEKND3V5M3M2TWUKPY9BKR,3D4BPCICWLV2H7ZTCOLFOJ7QDLA8V0,Correction of English learners errors,You are given a sentence written by a person who learns english and you should correct it,"writing, correction, grammatical, errors, learner language, fix, correct, check",$0.10,Wed Nov 30 04:45:23 PST 2016,51,BatchId:2612793;,3600,604800,Thu Dec 08 21:07:44 PST 2016,,,3WOKGM4L72986RA4CIM74GAR4MCO0S,A2DLH5XGBNYXWS,Approved,Thu Dec 01 03:00:24 PST 2016,Thu Dec 01 03:01:00 PST 2016,Thu Dec 08 03:01:00 PST 2016,Thu Dec 01 10:26:16 PST 2016,,,36,100% (1/1),100% (1/1),0% (0/0),"However , there are both sides of stories .","However , there are two sides to every story .",,
3PEG1BH7AEKND3V5M3M2TWUKPY9BKR,3D4BPCICWLV2H7ZTCOLFOJ7QDLA8V0,Correction of English learners errors,You are given a sentence written by a person who learns english and you should correct it,"writing, correction, grammatical, errors, learner language, fix, correct, check",$0.10,Wed Nov 30 04:45:23 PST 2016,51,BatchId:2612793;,3600,604800,Thu Dec 08 21:07:44 PST 2016,,,3X65QVEQI1GKUY2NB6ZZ708YI89CL1,A1AXJTLZGJ42MV,Approved,Thu Dec 01 13:37:52 PST 2016,Thu Dec 01 13:42:01 PST 2016,Thu Dec 08 13:42:01 PST 2016,Thu Dec 01 21:09:18 PST 2016,,,249,100% (2/2),100% (2/2),0% (0/0),"However , there are both sides of stories .","However, there are two sides to every story.",,
3PEG1BH7AEKND3V5M3M2TWUKPY9BKR,3D4BPCICWLV2H7ZTCOLFOJ7QDLA8V0,Correction of English learners errors,You are given a sentence written by a person who learns english and you should correct it,"writing, correction, grammatical, errors, learner language, fix, correct, check",$0.10,Wed Nov 30 04:45:23 PST 2016,51,BatchId:2612793;,3600,604800,Thu Dec 08 21:07:44 PST 2016,,,3X66WABAJXBGV6S37MRI15ZWGEWG3N,A2U31V169A20GY,Approved,Thu Dec 01 11:10:27 PST 2016,Thu Dec 01 11:10:46 PST 2016,Thu Dec 08 11:10:46 PST 2016,Thu Dec 01 21:09:18 PST 2016,,,19,100% (2/2),100% (2/2),0% (0/0),"However , there are both sides of stories .","However , there are two sides to every story .",,
3PEG1BH7AEKND3V5M3M2TWUKPY9BKR,3D4BPCICWLV2H7ZTCOLFOJ7QDLA8V0,Correction of English learners errors,You are given a sentence written by a person who learns english and you should correct it,"writing, correction, grammatical, errors, learner language, fix, correct, check",$0.10,Wed Nov 30 04:45:23 PST 2016,51,BatchId:2612793;,3600,604800,Thu Dec 08 21:07:44 PST 2016,,,3XXU1SWE8NOJ4NG32ZHP3LQMF3R0AK,A31NREVPH2XDCO,Approved,Wed Nov 30 10:35:12 PST 2016,Wed Nov 30 10:35:47 PST 2016,Wed Dec 07 10:35:47 PST 2016,Wed Nov 30 21:00:20 PST 2016,,,35,100% (2/2),100% (2/2),0% (0/0),"However , there are both sides of stories .","However , there are both sides to each of the stories .",,
3PEG1BH7AEKND3V5M3M2TWUKPY9BKR,3D4BPCICWLV2H7ZTCOLFOJ7QDLA8V0,Correction of English learners errors,You are given a sentence written by a person who learns english and you should correct it,"writing, correction, grammatical, errors, learner language, fix, correct, check",$0.10,Wed Nov 30 04:45:23 PST 2016,51,BatchId:2612793;,3600,604800,Thu Dec 08 21:07:44 PST 2016,,,3Y4W8Q93L0DXVVKVP6WGEFOIVDQDV3,A2XGM40LXGY8MD,Approved,Fri Dec 02 23:33:34 PST 2016,Fri Dec 02 23:33:52 PST 2016,Fri Dec 09 23:33:52 PST 2016,Sat Dec 03 05:22:47 PST 2016,,,18,100% (2/2),100% (2/2),0% (0/0),"However , there are both sides of stories .","However, there are two sides to every story.",,
3PEG1BH7AEKND3V5M3M2TWUKPY9BKR,3D4BPCICWLV2H7ZTCOLFOJ7QDLA8V0,Correction of English learners errors,You are given a sentence written by a person who learns english and you should correct it,"writing, correction, grammatical, errors, learner language, fix, correct, check",$0.10,Wed Nov 30 04:45:23 PST 2016,51,BatchId:2612793;,3600,604800,Thu Dec 08 21:07:44 PST 2016,,,3Y5140Z9DY91YM3LV8OSZKFD1GCIPC,A38Y2YKQRHU9YE,Approved,Thu Dec 08 20:22:26 PST 2016,Thu Dec 08 20:23:06 PST 2016,Thu Dec 15 20:23:06 PST 2016,Sat Dec 10 00:39:13 PST 2016,,,40,100% (2/2),100% (2/2),100% (2/2),"However , there are both sides of stories .","However, there are two sides to every story.",,
35JDMRECC42GIKB6633DWC8CLE5EGR,3D4BPCICWLV2H7ZTCOLFOJ7QDLA8V0,Correction of English learners errors,You are given a sentence written by a person who learns english and you should correct it,"writing, correction, grammatical, errors, learner language, fix, correct, check",$0.10,Wed Nov 30 04:45:23 PST 2016,51,BatchId:2612793;,3600,604800,Thu Dec 08 21:07:45 PST 2016,,,31IBVUNM9TSUTFYRGCR62FR37L6VFM,A33U26Y8QR8ITH,Approved,Thu Dec 01 22:24:13 PST 2016,Thu Dec 01 22:27:13 PST 2016,Thu Dec 08 22:27:13 PST 2016,Fri Dec 02 22:06:32 PST 2016,,,180,100% (2/2),100% (2/2),0% (0/0),Tracking people using surveillance technology can make better security of people 's life .,Tracking people using surveillance technology can make security better for people's lives.,,
35JDMRECC42GIKB6633DWC8CLE5EGR,3D4BPCICWLV2H7ZTCOLFOJ7QDLA8V0,Correction of English learners errors,You are given a sentence written by a person who learns english and you should correct it,"writing, correction, grammatical, errors, learner language, fix, correct, check",$0.10,Wed Nov 30 04:45:23 PST 2016,51,BatchId:2612793;,3600,604800,Thu Dec 08 21:07:45 PST 2016,,,31T4R4OBOT9LFDDL7CYPOVQXNJP7CY,A38TZK07ON180S,Approved,Wed Nov 30 04:53:08 PST 2016,Wed Nov 30 04:53:35 PST 2016,Wed Dec 07 04:53:35 PST 2016,Wed Nov 30 06:15:11 PST 2016,,,27,100% (2/2),100% (2/2),0% (0/0),Tracking people using surveillance technology can make better security of people 's life .,Tracking people using surveillance technology can improve security in people 's lives.,,
35JDMRECC42GIKB6633DWC8CLE5EGR,3D4BPCICWLV2H7ZTCOLFOJ7QDLA8V0,Correction of English learners errors,You are given a sentence written by a person who learns english and you should correct it,"writing, correction, grammatical, errors, learner language, fix, correct, check",$0.10,Wed Nov 30 04:45:23 PST 2016,51,BatchId:2612793;,3600,604800,Thu Dec 08 21:07:45 PST 2016,,,333U7HK6IA8O40K18HIXBRDO014DJP,A1QDAKDT8B8S3Z,Approved,Tue Dec 06 08:20:26 PST 2016,Tue Dec 06 08:21:24 PST 2016,Tue Dec 13 08:21:24 PST 2016,Tue Dec 06 10:58:43 PST 2016,,,58,100% (2/2),100% (2/2),100% (2/2),Tracking people using surveillance technology can make better security of people 's life .,Tracking people using surveillance technology can enhance their security.,,
35JDMRECC42GIKB6633DWC8CLE5EGR,3D4BPCICWLV2H7ZTCOLFOJ7QDLA8V0,Correction of English learners errors,You are given a sentence written by a person who learns english and you should correct it,"writing, correction, grammatical, errors, learner language, fix, correct, check",$0.10,Wed Nov 30 04:45:23 PST 2016,51,BatchId:2612793;,3600,604800,Thu Dec 08 21:07:45 PST 2016,,,336KAV9KYRLRWFHKXSZJPV18FT1Y21,A140JKRQOG93BA,Approved,Wed Nov 30 17:32:48 PST 2016,Wed Nov 30 17:33:17 PST 2016,Wed Dec 07 17:33:17 PST 2016,Wed Nov 30 21:00:19 PST 2016,,,29,100% (1/1),100% (1/1),0% (0/0),Tracking people using surveillance technology can make better security of people 's life .,Tracking people using surveillance technology can make people's lives more secure.,,
35JDMRECC42GIKB6633DWC8CLE5EGR,3D4BPCICWLV2H7ZTCOLFOJ7QDLA8V0,Correction of English learners errors,You are given a sentence written by a person who learns english and you should correct it,"writing, correction, grammatical, errors, learner language, fix, correct, check",$0.10,Wed Nov 30 04:45:23 PST 2016,51,BatchId:2612793;,3600,604800,Thu Dec 08 21:07:45 PST 2016,,,33SA9F9TRYNF2QY0BBCW6ZPH1MDWEK,A9WGDBDXUNLOD,Approved,Wed Nov 30 05:46:27 PST 2016,Wed Nov 30 05:46:43 PST 2016,Wed Dec 07 05:46:43 PST 2016,Wed Nov 30 06:15:11 PST 2016,,,16,100% (2/2),100% (2/2),0% (0/0),Tracking people using surveillance technology can make better security of people 's life .,Tracking people using surveillance technology can make people 's life more secure.,,
35JDMRECC42GIKB6633DWC8CLE5EGR,3D4BPCICWLV2H7ZTCOLFOJ7QDLA8V0,Correction of English learners errors,You are given a sentence written by a person who learns english and you should correct it,"writing, correction, grammatical, errors, learner language, fix, correct, check",$0.10,Wed Nov 30 04:45:23 PST 2016,51,BatchId:2612793;,3600,604800,Thu Dec 08 21:07:45 PST 2016,,,34Q075JO1Y6NAZ336GOWSKXJCL6016,A1Z7DOVT6CYAL6,Approved,Sat Dec 03 09:22:05 PST 2016,Sat Dec 03 09:22:56 PST 2016,Sat Dec 10 09:22:56 PST 2016,Sun Dec 04 09:33:29 PST 2016,,,51,100% (1/1),100% (1/1),100% (1/1),Tracking people using surveillance technology can make better security of people 's life .,"Tracking people, using surveillance technology, can make better security of peoples lives.",,
35JDMRECC42GIKB6633DWC8CLE5EGR,3D4BPCICWLV2H7ZTCOLFOJ7QDLA8V0,Correction of English learners errors,You are given a sentence written by a person who learns english and you should correct it,"writing, correction, grammatical, errors, learner language, fix, correct, check",$0.10,Wed Nov 30 04:45:23 PST 2016,51,BatchId:2612793;,3600,604800,Thu Dec 08 21:07:45 PST 2016,,,35K3O9HUAC6DR4C5LM2W2B3H6KEFEY,A31NREVPH2XDCO,Approved,Wed Nov 30 10:35:51 PST 2016,Wed Nov 30 10:36:03 PST 2016,Wed Dec 07 10:36:03 PST 2016,Thu Dec 01 10:26:15 PST 2016,,,12,100% (2/2),100% (2/2),0% (0/0),Tracking people using surveillance technology can make better security of people 's life .,Tracking people using surveillance technology can make better security of people 's lives .,,
35JDMRECC42GIKB6633DWC8CLE5EGR,3D4BPCICWLV2H7ZTCOLFOJ7QDLA8V0,Correction of English learners errors,You are given a sentence written by a person who learns english and you should correct it,"writing, correction, grammatical, errors, learner language, fix, correct, check",$0.10,Wed Nov 30 04:45:23 PST 2016,51,BatchId:2612793;,3600,604800,Thu Dec 08 21:07:45 PST 2016,,,37Z929RLGA1OKSZOH1RQ8WMXZAQTSX,A23KNYW5XJ9FKD,Approved,Wed Dec 07 05:17:21 PST 2016,Wed Dec 07 05:17:48 PST 2016,Wed Dec 14 05:17:48 PST 2016,Thu Dec 08 02:42:05 PST 2016,,,27,100% (2/2),100% (2/2),100% (2/2),Tracking people using surveillance technology can make better security of people 's life .,Tracking people using surveillance technology can make people's lives more secure .,,
35JDMRECC42GIKB6633DWC8CLE5EGR,3D4BPCICWLV2H7ZTCOLFOJ7QDLA8V0,Correction of English learners errors,You are given a sentence written by a person who learns english and you should correct it,"writing, correction, grammatical, errors, learner language, fix, correct, check",$0.10,Wed Nov 30 04:45:23 PST 2016,51,BatchId:2612793;,3600,604800,Thu Dec 08 21:07:45 PST 2016,,,37Z929RLGA1OKSZOH1RQ8WMXZFGTSX,A2JUG54Q160M9,Approved,Thu Dec 08 12:54:40 PST 2016,Thu Dec 08 12:55:27 PST 2016,Thu Dec 15 12:55:27 PST 2016,Sat Dec 10 00:39:12 PST 2016,,,47,100% (2/2),100% (2/2),100% (2/2),Tracking people using surveillance technology can make better security of people 's life .,Tracking people using surveillance technology can make security of people's lives better.,,
35JDMRECC42GIKB6633DWC8CLE5EGR,3D4BPCICWLV2H7ZTCOLFOJ7QDLA8V0,Correction of English learners errors,You are given a sentence written by a person who learns english and you should correct it,"writing, correction, grammatical, errors, learner language, fix, correct, check",$0.10,Wed Nov 30 04:45:23 PST 2016,51,BatchId:2612793;,3600,604800,Thu Dec 08 21:07:45 PST 2016,,,38SKSKU7R2QB71ON3GVLI36TVC5LIM,A21JFQP5MAYQO2,Approved,Thu Dec 01 05:35:10 PST 2016,Thu Dec 01 05:36:21 PST 2016,Thu Dec 08 05:36:21 PST 2016,Thu Dec 01 10:26:15 PST 2016,,,71,100% (2/2),100% (2/2),0% (0/0),Tracking people using surveillance technology can make better security of people 's life .,Using surveillance technology to track people can make life safer.,,
35JDMRECC42GIKB6633DWC8CLE5EGR,3D4BPCICWLV2H7ZTCOLFOJ7QDLA8V0,Correction of English learners errors,You are given a sentence written by a person who learns english and you should correct it,"writing, correction, grammatical, errors, learner language, fix, correct, check",$0.10,Wed Nov 30 04:45:23 PST 2016,51,BatchId:2612793;,3600,604800,Thu Dec 08 21:07:45 PST 2016,,,39KFRKBFIOO53M6PKQXGW84BHBIOY9,A1H7XQCN2TQJM7,Approved,Sat Dec 03 20:16:59 PST 2016,Sat Dec 03 20:18:31 PST 2016,Sat Dec 10 20:18:31 PST 2016,Sun Dec 04 09:33:29 PST 2016,,,92,100% (13/13),100% (13/13),100% (2/2),Tracking people using surveillance technology can make better security of people 's life .,Tracking people using surveillance technology can make their lives safer.,,
35JDMRECC42GIKB6633DWC8CLE5EGR,3D4BPCICWLV2H7ZTCOLFOJ7QDLA8V0,Correction of English learners errors,You are given a sentence written by a person who learns english and you should correct it,"writing, correction, grammatical, errors, learner language, fix, correct, check",$0.10,Wed Nov 30 04:45:23 PST 2016,51,BatchId:2612793;,3600,604800,Thu Dec 08 21:07:45 PST 2016,,,39L1G8WVWRKJRR20P36FUIVQF2B13X,A3EEWSPD9OA2U0,Approved,Sun Dec 04 21:07:02 PST 2016,Sun Dec 04 21:09:28 PST 2016,Sun Dec 11 21:09:28 PST 2016,Tue Dec 06 10:58:43 PST 2016,,,146,100% (3/3),100% (3/3),100% (2/2),Tracking people using surveillance technology can make better security of people 's life .,Tracking people using surveillance technology can make people 's lives more secure.,,
35JDMRECC42GIKB6633DWC8CLE5EGR,3D4BPCICWLV2H7ZTCOLFOJ7QDLA8V0,Correction of English learners errors,You are given a sentence written by a person who learns english and you should correct it,"writing, correction, grammatical, errors, learner language, fix, correct, check",$0.10,Wed Nov 30 04:45:23 PST 2016,51,BatchId:2612793;,3600,604800,Thu Dec 08 21:07:45 PST 2016,,,3A1PQ49WVIAYLZ9Z4OVHYCW0Y4MH17,A2N962G55T9MOB,Approved,Sat Dec 03 18:33:32 PST 2016,Sat Dec 03 18:34:07 PST 2016,Sat Dec 10 18:34:07 PST 2016,Sun Dec 04 09:33:30 PST 2016,,,35,100% (4/4),100% (4/4),100% (2/2),Tracking people using surveillance technology can make better security of people 's life .,Tracking people using surveillance technology can make people more secure.,,
35JDMRECC42GIKB6633DWC8CLE5EGR,3D4BPCICWLV2H7ZTCOLFOJ7QDLA8V0,Correction of English learners errors,You are given a sentence written by a person who learns english and you should correct it,"writing, correction, grammatical, errors, learner language, fix, correct, check",$0.10,Wed Nov 30 04:45:23 PST 2016,51,BatchId:2612793;,3600,604800,Thu Dec 08 21:07:45 PST 2016,,,3AMW0RGHOEVTCNECSO1K4SBUNZAPN7,A31681CCEVDIH3,Approved,Sun Dec 04 21:32:12 PST 2016,Sun Dec 04 21:34:06 PST 2016,Sun Dec 11 21:34:06 PST 2016,Tue Dec 06 10:58:43 PST 2016,,,114,100% (2/2),100% (2/2),100% (2/2),Tracking people using surveillance technology can make better security of people 's life .,Tracking people using surveillance technology can give people's lives more security.,,
35JDMRECC42GIKB6633DWC8CLE5EGR,3D4BPCICWLV2H7ZTCOLFOJ7QDLA8V0,Correction of English learners errors,You are given a sentence written by a person who learns english and you should correct it,"writing, correction, grammatical, errors, learner language, fix, correct, check",$0.10,Wed Nov 30 04:45:23 PST 2016,51,BatchId:2612793;,3600,604800,Thu Dec 08 21:07:45 PST 2016,,,3DBQWDE4Y7RPJDWT89S66M6DVK35N0,A2FSQBC1OU8WN8,Approved,Wed Nov 30 21:23:56 PST 2016,Wed Nov 30 21:25:07 PST 2016,Wed Dec 07 21:25:07 PST 2016,Thu Dec 01 10:26:15 PST 2016,,,71,100% (2/2),100% (2/2),0% (0/0),Tracking people using surveillance technology can make better security of people 's life .,Tracking people using surveillance technology can make better security of people 's lives.,,
35JDMRECC42GIKB6633DWC8CLE5EGR,3D4BPCICWLV2H7ZTCOLFOJ7QDLA8V0,Correction of English learners errors,You are given a sentence written by a person who learns english and you should correct it,"writing, correction, grammatical, errors, learner language, fix, correct, check",$0.10,Wed Nov 30 04:45:23 PST 2016,51,BatchId:2612793;,3600,604800,Thu Dec 08 21:07:45 PST 2016,,,3HL8HNGX46UWW8LODBMAAX26FM59FN,A3T71W88062DB7,Approved,Wed Nov 30 04:53:23 PST 2016,Wed Nov 30 04:53:38 PST 2016,Wed Dec 07 04:53:38 PST 2016,Wed Nov 30 06:15:12 PST 2016,,,15,100% (2/2),100% (2/2),0% (0/0),Tracking people using surveillance technology can make better security of people 's life .,Tracking people using surveillance technology can make people's lives more secure.,,
35JDMRECC42GIKB6633DWC8CLE5EGR,3D4BPCICWLV2H7ZTCOLFOJ7QDLA8V0,Correction of English learners errors,You are given a sentence written by a person who learns english and you should correct it,"writing, correction, grammatical, errors, learner language, fix, correct, check",$0.10,Wed Nov 30 04:45:23 PST 2016,51,BatchId:2612793;,3600,604800,Thu Dec 08 21:07:45 PST 2016,,,3HVVDCPGTFLLGEBXG7JFQIAYGVATYZ,A36LR6ZMKYRHVE,Approved,Wed Dec 07 09:14:35 PST 2016,Wed Dec 07 09:15:26 PST 2016,Wed Dec 14 09:15:26 PST 2016,Thu Dec 08 02:42:05 PST 2016,,,51,100% (1/1),100% (1/1),100% (1/1),Tracking people using surveillance technology can make better security of people 's life .,Tracking people by using surveillance technology can improve security in people's lives.,,
35JDMRECC42GIKB6633DWC8CLE5EGR,3D4BPCICWLV2H7ZTCOLFOJ7QDLA8V0,Correction of English learners errors,You are given a sentence written by a person who learns english and you should correct it,"writing, correction, grammatical, errors, learner language, fix, correct, check",$0.10,Wed Nov 30 04:45:23 PST 2016,51,BatchId:2612793;,3600,604800,Thu Dec 08 21:07:45 PST 2016,,,3ITXP059PXCU6P3J57DM6QZO19QJSB,A31BR7AGAQVVQE,Approved,Wed Dec 07 13:24:48 PST 2016,Wed Dec 07 13:25:17 PST 2016,Wed Dec 14 13:25:17 PST 2016,Thu Dec 08 02:42:05 PST 2016,,,29,100% (2/2),100% (2/2),100% (2/2),Tracking people using surveillance technology can make better security of people 's life .,Tracking people using surveillance technology can make people's lives more secure.,,
35JDMRECC42GIKB6633DWC8CLE5EGR,3D4BPCICWLV2H7ZTCOLFOJ7QDLA8V0,Correction of English learners errors,You are given a sentence written by a person who learns english and you should correct it,"writing, correction, grammatical, errors, learner language, fix, correct, check",$0.10,Wed Nov 30 04:45:23 PST 2016,51,BatchId:2612793;,3600,604800,Thu Dec 08 21:07:45 PST 2016,,,3JWH6J9I9T6R8TD29JJJ98656PCNBP,A2XGM40LXGY8MD,Approved,Fri Dec 02 23:31:31 PST 2016,Fri Dec 02 23:33:31 PST 2016,Fri Dec 09 23:33:31 PST 2016,Sat Dec 03 05:22:47 PST 2016,,,120,100% (2/2),100% (2/2),0% (0/0),Tracking people using surveillance technology can make better security of people 's life .,Using surveillance technology can lead to better security for all people.,,
35JDMRECC42GIKB6633DWC8CLE5EGR,3D4BPCICWLV2H7ZTCOLFOJ7QDLA8V0,Correction of English learners errors,You are given a sentence written by a person who learns english and you should correct it,"writing, correction, grammatical, errors, learner language, fix, correct, check",$0.10,Wed Nov 30 04:45:23 PST 2016,51,BatchId:2612793;,3600,604800,Thu Dec 08 21:07:45 PST 2016,,,3JZQSN0I3R3BBI8WRHSK2EOTKQ6GFA,AQ2HBVDME5DJK,Approved,Wed Dec 07 08:17:43 PST 2016,Wed Dec 07 08:18:29 PST 2016,Wed Dec 14 08:18:29 PST 2016,Thu Dec 08 02:42:05 PST 2016,,,46,100% (2/2),100% (2/2),100% (2/2),Tracking people using surveillance technology can make better security of people 's life .,Tracking people using surveillance technology can make people's lives more secure.,,
35JDMRECC42GIKB6633DWC8CLE5EGR,3D4BPCICWLV2H7ZTCOLFOJ7QDLA8V0,Correction of English learners errors,You are given a sentence written by a person who learns english and you should correct it,"writing, correction, grammatical, errors, learner language, fix, correct, check",$0.10,Wed Nov 30 04:45:23 PST 2016,51,BatchId:2612793;,3600,604800,Thu Dec 08 21:07:45 PST 2016,,,3LO69W1SU46XBAISDSVIXRTDG00LGJ,A3US3R22I0W1QE,Approved,Thu Dec 01 13:34:03 PST 2016,Thu Dec 01 13:34:36 PST 2016,Thu Dec 08 13:34:36 PST 2016,Thu Dec 01 21:09:18 PST 2016,,,33,100% (11/11),100% (11/11),0% (0/0),Tracking people using surveillance technology can make better security of people 's life .,Tracking people using surveillance technology can make the security in people's lives better.,,
35JDMRECC42GIKB6633DWC8CLE5EGR,3D4BPCICWLV2H7ZTCOLFOJ7QDLA8V0,Correction of English learners errors,You are given a sentence written by a person who learns english and you should correct it,"writing, correction, grammatical, errors, learner language, fix, correct, check",$0.10,Wed Nov 30 04:45:23 PST 2016,51,BatchId:2612793;,3600,604800,Thu Dec 08 21:07:45 PST 2016,,,3N1FSUEFL6TY1I1G5AVT5PO5HMR4D1,A1AXJTLZGJ42MV,Approved,Thu Dec 01 13:42:05 PST 2016,Thu Dec 01 13:42:40 PST 2016,Thu Dec 08 13:42:40 PST 2016,Thu Dec 01 21:09:18 PST 2016,,,35,100% (2/2),100% (2/2),0% (0/0),Tracking people using surveillance technology can make better security of people 's life .,Tracking people using surveillance technology can make better security for peoples' lives.,,
35JDMRECC42GIKB6633DWC8CLE5EGR,3D4BPCICWLV2H7ZTCOLFOJ7QDLA8V0,Correction of English learners errors,You are given a sentence written by a person who learns english and you should correct it,"writing, correction, grammatical, errors, learner language, fix, correct, check",$0.10,Wed Nov 30 04:45:23 PST 2016,51,BatchId:2612793;,3600,604800,Thu Dec 08 21:07:45 PST 2016,,,3OHYZ19UGDY4748M4KJ0TMM4EJJOA1,A3F2NKZRK2CIF5,Approved,Sat Dec 03 15:28:35 PST 2016,Sat Dec 03 15:29:51 PST 2016,Sat Dec 10 15:29:51 PST 2016,Sun Dec 04 09:33:30 PST 2016,,,76,100% (2/2),100% (2/2),100% (1/1),Tracking people using surveillance technology can make better security of people 's life .,Using surveillance technology to track people can make people's lives more secure.,,
35JDMRECC42GIKB6633DWC8CLE5EGR,3D4BPCICWLV2H7ZTCOLFOJ7QDLA8V0,Correction of English learners errors,You are given a sentence written by a person who learns english and you should correct it,"writing, correction, grammatical, errors, learner language, fix, correct, check",$0.10,Wed Nov 30 04:45:23 PST 2016,51,BatchId:2612793;,3600,604800,Thu Dec 08 21:07:45 PST 2016,,,3PM8NZGV8Z9JOTTVU73I2ZS2UZ0XQ0,A1KZG2L1EHAZOV,Approved,Fri Dec 02 03:24:06 PST 2016,Fri Dec 02 03:24:46 PST 2016,Fri Dec 09 03:24:46 PST 2016,Fri Dec 02 22:06:32 PST 2016,,,40,100% (5/5),100% (5/5),0% (0/0),Tracking people using surveillance technology can make better security of people 's life .,Tracking people using surveillance technology can make people's lives more secure.,,
35JDMRECC42GIKB6633DWC8CLE5EGR,3D4BPCICWLV2H7ZTCOLFOJ7QDLA8V0,Correction of English learners errors,You are given a sentence written by a person who learns english and you should correct it,"writing, correction, grammatical, errors, learner language, fix, correct, check",$0.10,Wed Nov 30 04:45:23 PST 2016,51,BatchId:2612793;,3600,604800,Thu Dec 08 21:07:45 PST 2016,,,3R6BYFZZP85MX43MGRSOQ0OOMUXFXN,A2U31V169A20GY,Approved,Thu Dec 01 11:09:54 PST 2016,Thu Dec 01 11:10:21 PST 2016,Thu Dec 08 11:10:21 PST 2016,Thu Dec 01 21:09:18 PST 2016,,,27,100% (2/2),100% (2/2),0% (0/0),Tracking people using surveillance technology can make better security of people 's life .,Tracking people using surveillance technology can increase the security of people's lives .,,
35JDMRECC42GIKB6633DWC8CLE5EGR,3D4BPCICWLV2H7ZTCOLFOJ7QDLA8V0,Correction of English learners errors,You are given a sentence written by a person who learns english and you should correct it,"writing, correction, grammatical, errors, learner language, fix, correct, check",$0.10,Wed Nov 30 04:45:23 PST 2016,51,BatchId:2612793;,3600,604800,Thu Dec 08 21:07:45 PST 2016,,,3RU7GD8VPPMQS06H0KI63ML0AUYSPU,AU7RK2T2CMUBV,Approved,Sat Dec 03 17:22:10 PST 2016,Sat Dec 03 17:23:15 PST 2016,Sat Dec 10 17:23:15 PST 2016,Sun Dec 04 09:33:30 PST 2016,,,65,100% (2/2),100% (2/2),100% (2/2),Tracking people using surveillance technology can make better security of people 's life .,Tracking people using surveillance technology can provide better security for people's lives.,,
35JDMRECC42GIKB6633DWC8CLE5EGR,3D4BPCICWLV2H7ZTCOLFOJ7QDLA8V0,Correction of English learners errors,You are given a sentence written by a person who learns english and you should correct it,"writing, correction, grammatical, errors, learner language, fix, correct, check",$0.10,Wed Nov 30 04:45:23 PST 2016,51,BatchId:2612793;,3600,604800,Thu Dec 08 21:07:45 PST 2016,,,3U088ZLJVLMGB0J634DHLAND7LG0WF,AX5P49R4EWO3L,Approved,Wed Nov 30 08:24:07 PST 2016,Wed Nov 30 08:25:47 PST 2016,Wed Dec 07 08:25:47 PST 2016,Wed Nov 30 21:00:19 PST 2016,,,100,100% (2/2),100% (2/2),0% (0/0),Tracking people using surveillance technology can make better security of people 's life .,Tracking people using surveillance technology can provide better security for people's lives.,,
35JDMRECC42GIKB6633DWC8CLE5EGR,3D4BPCICWLV2H7ZTCOLFOJ7QDLA8V0,Correction of English learners errors,You are given a sentence written by a person who learns english and you should correct it,"writing, correction, grammatical, errors, learner language, fix, correct, check",$0.10,Wed Nov 30 04:45:23 PST 2016,51,BatchId:2612793;,3600,604800,Thu Dec 08 21:07:45 PST 2016,,,3WAKVUDHUX9H17ULT3JPI1C3VGEU78,A1WGLLX2XPUCYX,Approved,Thu Dec 08 17:46:32 PST 2016,Thu Dec 08 17:47:32 PST 2016,Thu Dec 15 17:47:32 PST 2016,Sat Dec 10 00:39:12 PST 2016,,,60,100% (2/2),100% (2/2),100% (2/2),Tracking people using surveillance technology can make better security of people 's life .,Tracking people using surveillance technology can improve the security of people's lives.,,
35JDMRECC42GIKB6633DWC8CLE5EGR,3D4BPCICWLV2H7ZTCOLFOJ7QDLA8V0,Correction of English learners errors,You are given a sentence written by a person who learns english and you should correct it,"writing, correction, grammatical, errors, learner language, fix, correct, check",$0.10,Wed Nov 30 04:45:23 PST 2016,51,BatchId:2612793;,3600,604800,Thu Dec 08 21:07:45 PST 2016,,,3WS1NTTKEZ5E0EXBDF3HHM1DD090F1,A2DBMTN294Y1A8,Approved,Sun Dec 04 20:54:31 PST 2016,Sun Dec 04 20:55:33 PST 2016,Sun Dec 11 20:55:33 PST 2016,Tue Dec 06 10:58:43 PST 2016,,,62,100% (6/6),100% (6/6),100% (2/2),Tracking people using surveillance technology can make better security of people 's life .,Tracking people using surveillance technology can better security for people 's lives .,,
35JDMRECC42GIKB6633DWC8CLE5EGR,3D4BPCICWLV2H7ZTCOLFOJ7QDLA8V0,Correction of English learners errors,You are given a sentence written by a person who learns english and you should correct it,"writing, correction, grammatical, errors, learner language, fix, correct, check",$0.10,Wed Nov 30 04:45:23 PST 2016,51,BatchId:2612793;,3600,604800,Thu Dec 08 21:07:45 PST 2016,,,3WT783CTPCA8HPGBKTA5TXCT7MCCBC,A2SAWJZQM8GTF6,Approved,Sat Dec 03 04:47:54 PST 2016,Sat Dec 03 04:48:51 PST 2016,Sat Dec 10 04:48:51 PST 2016,Sat Dec 03 05:22:46 PST 2016,,,57,100% (2/2),100% (2/2),0% (0/0),Tracking people using surveillance technology can make better security of people 's life .,Tracking people with surveillance technology can make their lives more secure.,,
35JDMRECC42GIKB6633DWC8CLE5EGR,3D4BPCICWLV2H7ZTCOLFOJ7QDLA8V0,Correction of English learners errors,You are given a sentence written by a person who learns english and you should correct it,"writing, correction, grammatical, errors, learner language, fix, correct, check",$0.10,Wed Nov 30 04:45:23 PST 2016,51,BatchId:2612793;,3600,604800,Thu Dec 08 21:07:45 PST 2016,,,3WYGZ5XF3X8PH991NSDY75Z1F6FKSF,A1VG8WTPJFZJAI,Approved,Wed Nov 30 06:13:43 PST 2016,Wed Nov 30 06:14:21 PST 2016,Wed Dec 07 06:14:21 PST 2016,Wed Nov 30 21:00:19 PST 2016,,,38,100% (2/2),100% (2/2),0% (0/0),Tracking people using surveillance technology can make better security of people 's life .,Tracking people using surveillance technology can make their lives more secure. .,,
35JDMRECC42GIKB6633DWC8CLE5EGR,3D4BPCICWLV2H7ZTCOLFOJ7QDLA8V0,Correction of English learners errors,You are given a sentence written by a person who learns english and you should correct it,"writing, correction, grammatical, errors, learner language, fix, correct, check",$0.10,Wed Nov 30 04:45:23 PST 2016,51,BatchId:2612793;,3600,604800,Thu Dec 08 21:07:45 PST 2016,,,3X31TUMD7YF07VSPV9AFQ4P7FKLL16,A255Z4U24Y2SP8,Approved,Sat Dec 03 17:24:51 PST 2016,Sat Dec 03 17:25:50 PST 2016,Sat Dec 10 17:25:50 PST 2016,Sun Dec 04 09:33:30 PST 2016,,,59,100% (2/2),100% (2/2),100% (2/2),Tracking people using surveillance technology can make better security of people 's life .,Tracking people using surveillance technology can make people's lives more secure.,,
35JDMRECC42GIKB6633DWC8CLE5EGR,3D4BPCICWLV2H7ZTCOLFOJ7QDLA8V0,Correction of English learners errors,You are given a sentence written by a person who learns english and you should correct it,"writing, correction, grammatical, errors, learner language, fix, correct, check",$0.10,Wed Nov 30 04:45:23 PST 2016,51,BatchId:2612793;,3600,604800,Thu Dec 08 21:07:45 PST 2016,,,3X66WABAJXBGV6S37MRI15ZWG9W3G0,ARPBS72HUCKD4,Approved,Wed Nov 30 05:18:20 PST 2016,Wed Nov 30 05:19:11 PST 2016,Wed Dec 07 05:19:11 PST 2016,Wed Nov 30 06:15:12 PST 2016,,,51,100% (12/12),100% (12/12),0% (0/0),Tracking people using surveillance technology can make better security of people 's life .,Tracking people using surveillance technology can lead to better security in people's lives.,,
35JDMRECC42GIKB6633DWC8CLE5EGR,3D4BPCICWLV2H7ZTCOLFOJ7QDLA8V0,Correction of English learners errors,You are given a sentence written by a person who learns english and you should correct it,"writing, correction, grammatical, errors, learner language, fix, correct, check",$0.10,Wed Nov 30 04:45:23 PST 2016,51,BatchId:2612793;,3600,604800,Thu Dec 08 21:07:45 PST 2016,,,3XM0HYN6NLSPIH1ZZPY1E5HL9EVPEI,A3G1X3IP2VM4IK,Approved,Tue Dec 06 15:45:29 PST 2016,Tue Dec 06 15:45:55 PST 2016,Tue Dec 13 15:45:55 PST 2016,Tue Dec 06 22:45:03 PST 2016,,,26,100% (2/2),100% (2/2),100% (2/2),Tracking people using surveillance technology can make better security of people 's life .,Tracking people using surveillance technology can make the security of peoples lives better.,,
35JDMRECC42GIKB6633DWC8CLE5EGR,3D4BPCICWLV2H7ZTCOLFOJ7QDLA8V0,Correction of English learners errors,You are given a sentence written by a person who learns english and you should correct it,"writing, correction, grammatical, errors, learner language, fix, correct, check",$0.10,Wed Nov 30 04:45:23 PST 2016,51,BatchId:2612793;,3600,604800,Thu Dec 08 21:07:45 PST 2016,,,3XXU1SWE8NOJ4NG32ZHP3LQMF3KA0N,A3INVU9ECZMEK4,Approved,Wed Nov 30 09:22:55 PST 2016,Wed Nov 30 09:23:23 PST 2016,Wed Dec 07 09:23:23 PST 2016,Wed Nov 30 21:00:19 PST 2016,,,28,100% (1/1),100% (1/1),0% (0/0),Tracking people using surveillance technology can make better security of people 's life .,Tracking people using surveillance technology can provide better security for their lives.,,
35JDMRECC42GIKB6633DWC8CLE5EGR,3D4BPCICWLV2H7ZTCOLFOJ7QDLA8V0,Correction of English learners errors,You are given a sentence written by a person who learns english and you should correct it,"writing, correction, grammatical, errors, learner language, fix, correct, check",$0.10,Wed Nov 30 04:45:23 PST 2016,51,BatchId:2612793;,3600,604800,Thu Dec 08 21:07:45 PST 2016,,,3Y4W8Q93L0DXVVKVP6WGEFOIV7LDVM,A1G368TFFP2UZR,Rejected,Thu Dec 01 17:02:08 PST 2016,Thu Dec 01 17:02:37 PST 2016,Thu Dec 08 17:02:37 PST 2016,,Thu Dec 01 21:07:44 PST 2016,"submitted 2 answers both empty, just pressed the submit button without doing the task and correcting the sentence.",29,0% (0/2),0% (0/2),0% (0/0),Tracking people using surveillance technology can make better security of people 's life .,Tracking people using surveillance technology can make better security of people's lives.,,
35JDMRECC42GIKB6633DWC8CLE5EGR,3D4BPCICWLV2H7ZTCOLFOJ7QDLA8V0,Correction of English learners errors,You are given a sentence written by a person who learns english and you should correct it,"writing, correction, grammatical, errors, learner language, fix, correct, check",$0.10,Wed Nov 30 04:45:23 PST 2016,51,BatchId:2612793;,3600,604800,Thu Dec 08 21:07:45 PST 2016,,,3YHH42UU5C800677ZQ6FCZ6XAAML0A,A2QPJN3LPGTPDU,Approved,Thu Dec 08 08:54:40 PST 2016,Thu Dec 08 08:55:39 PST 2016,Thu Dec 15 08:55:39 PST 2016,Sat Dec 10 00:39:12 PST 2016,,,59,100% (12/12),100% (12/12),100% (2/2),Tracking people using surveillance technology can make better security of people 's life .,Life can feel more secure when one can track people using surveillance technology.,,
35JDMRECC42GIKB6633DWC8CLE5EGR,3D4BPCICWLV2H7ZTCOLFOJ7QDLA8V0,Correction of English learners errors,You are given a sentence written by a person who learns english and you should correct it,"writing, correction, grammatical, errors, learner language, fix, correct, check",$0.10,Wed Nov 30 04:45:23 PST 2016,51,BatchId:2612793;,3600,604800,Thu Dec 08 21:07:45 PST 2016,,,3YHH42UU5C800677ZQ6FCZ6XACV0L2,A38Y2YKQRHU9YE,Approved,Thu Dec 08 20:23:21 PST 2016,Thu Dec 08 20:24:05 PST 2016,Thu Dec 15 20:24:05 PST 2016,Sat Dec 10 00:39:12 PST 2016,,,44,100% (2/2),100% (2/2),100% (2/2),Tracking people using surveillance technology can make better security of people 's life .,Tracking people using surveillance technology can make people's lives more secure.,,
35JDMRECC42GIKB6633DWC8CLE5EGR,3D4BPCICWLV2H7ZTCOLFOJ7QDLA8V0,Correction of English learners errors,You are given a sentence written by a person who learns english and you should correct it,"writing, correction, grammatical, errors, learner language, fix, correct, check",$0.10,Wed Nov 30 04:45:23 PST 2016,51,BatchId:2612793;,3600,604800,Thu Dec 08 21:07:45 PST 2016,,,3ZGVPD4G6UALL4L2CTLY4PJ0L14ZT9,A16YVNUJMK1RNE,Approved,Wed Nov 30 22:46:07 PST 2016,Wed Nov 30 22:47:02 PST 2016,Wed Dec 07 22:47:02 PST 2016,Thu Dec 01 10:26:16 PST 2016,,,55,100% (10/10),100% (10/10),0% (0/0),Tracking people using surveillance technology can make better security of people 's life .,Tracking people using surveillance technology can improve the security of peoples' lives.,,
,,,,,,,,,,,,,,,,,,,,,,,,,,,"However , there are both sides of stories .","However , there are two  sides to a story.",,
,,,,,,,,,,,,,,,,,,,,,,,,,,,"However , there are both sides of stories .","However, there are both sides to the story.",,
,,,,,,,,,,,,,,,,,,,,,,,,,,,"However , there are both sides of stories .","However, there are two sides to every story",,
,,,,,,,,,,,,,,,,,,,,,,,,,,,"However , there are both sides of stories .","However, there are both sides to the story.",,
,,,,,,,,,,,,,,,,,,,,,,,,,,,"However , there are both sides of stories .","However, there are two sides to every story.",,
,,,,,,,,,,,,,,,,,,,,,,,,,,,"However , there are both sides of stories .","However, there are two sides to every story.",,
,,,,,,,,,,,,,,,,,,,,,,,,,,,"However , there are both sides of stories .","However, there are two sides to every story.",,
,,,,,,,,,,,,,,,,,,,,,,,,,,,"However , there are both sides of stories .","However, there are two sides to every story.",,
,,,,,,,,,,,,,,,,,,,,,,,,,,,"However , there are both sides of stories .","However, there are two sides to most stories.",,
,,,,,,,,,,,,,,,,,,,,,,,,,,,"However , there are both sides of stories .","However, there are two sides to the story.",,
,,,,,,,,,,,,,,,,,,,,,,,,,,,"However , there are both sides of stories .","However, there are two sides to this story.",,
,,,,,,,,,,,,,,,,,,,,,,,,,,,"However , there are both sides of stories .","However, there are two sides to this story. ",,
,,,,,,,,,,,,,,,,,,,,,,,,,,,"However , there are both sides of stories .","There are, however, two sides to every story. ",,
,,,,,,,,,,,,,,,,,,,,,,,,,,,Tracking people using surveillance technology can make better security of people 's life ., Tracking people via surveillance technology can enhance security of citizens.,,
,,,,,,,,,,,,,,,,,,,,,,,,,,,Tracking people using surveillance technology can make better security of people 's life .,The use of surveillance technology in tracking people can make life more secure.,,
,,,,,,,,,,,,,,,,,,,,,,,,,,,Tracking people using surveillance technology can make better security of people 's life .,Tracking people using surveillance technology can help improve security for others,,
,,,,,,,,,,,,,,,,,,,,,,,,,,,Tracking people using surveillance technology can make better security of people 's life .,Tracking people using surveillance technology can help people to lead more secure lives.,,
,,,,,,,,,,,,,,,,,,,,,,,,,,,Tracking people using surveillance technology can make better security of people 's life .,Tracking people using surveillance technology can improve security in people's lives.,,
,,,,,,,,,,,,,,,,,,,,,,,,,,,Tracking people using surveillance technology can make better security of people 's life .,Tracking people using surveillance technology can make people's lives more secure.,,
,,,,,,,,,,,,,,,,,,,,,,,,,,,Tracking people using surveillance technology can make better security of people 's life .,Tracking people using surveillance technology can make their lives more secure. ,,
,,,,,,,,,,,,,,,,,,,,,,,,,,,Tracking people using surveillance technology can make better security of people 's life .,Tracking people using surveillance technology improves security in people's lives. ,,
,,,,,,,,,,,,,,,,,,,,,,,,,,,Tracking people using surveillance technology can make better security of people 's life .,Tracking people via surveillance technology can enhance security for citizens.,,
,,,,,,,,,,,,,,,,,,,,,,,,,,,Tracking people using surveillance technology can make better security of people 's life .,Tracking people's life using surveillance technology can improve their security.,,
,,,,,,,,,,,,,,,,,,,,,,,,,,,Tracking people using surveillance technology can make better security of people 's life .,Tracking people's life using surveillance technology can improve their security.,,
,,,,,,,,,,,,,,,,,,,,,,,,,,,Tracking people using surveillance technology can make better security of people 's life .,Tracking people using surveillance technology can make people's lives safer,,
,,,,,,,,,,,,,,,,,,,,,,,,,,,Tracking people using surveillance technology can make better security of people 's life .,Tracking people using surveillance technology can make people's lives more secure,,